{
    "avg_prec": {
        "train": 0.9731960835475045,
        "test": 0.9226395815431345
    },
    "roc_auc": {
        "train": 0.9861480703392468,
        "test": 0.9441850948496919
    }
}